rank,NAME,priority,gap_score,need_score,unserved_people,coverage_gap,Population,Median Household Income,Poverty Rate,Median Age
1,"Miami-Dade County, Florida",0.8409251579835204,1.0,0.469750526611735,765971.6882584,0.28524665,2685296,68694,14.9,40.8
2,"Broward County, Florida",0.35472219947508393,0.35220253691657116,0.36060141211161373,270236.81899893295,0.138858779,1946127,74534,12.2,41.3
3,"Citrus County, Florida",0.30849515013599577,0.07972928960503582,0.842282158041569,61723.360193846005,0.388948222,158693,55355,15.5,56.9
4,"Gadsden County, Florida",0.3045501954824564,0.006500279260651976,1.0,5683.971437552,0.130240856,43642,46047,27.7,42.0
5,"Hamilton County, Florida",0.2895953939637318,0.004530895309485273,0.9547458908236404,4176.876471624999,0.3106639249999999,13445,47696,27.3,40.6
6,"Putnam County, Florida",0.28646547467323497,0.006468517951292286,0.9397917070244346,5659.665710159999,0.076239856,74235,47256,23.9,45.0
7,"Glades County, Florida",0.2859445118149029,0.0,0.9531483727163429,709.5538563359988,0.0575749639999999,12324,38905,21.2,45.8
8,"Madison County, Florida",0.26064912225916753,0.006035094109529672,0.8547485212749892,5327.982855911999,0.2941524239999999,18113,48176,20.9,44.9
9,"DeSoto County, Florida",0.25777332442392875,0.0014497113970127803,0.8558617548200661,1818.9630942809968,0.0523909989999999,34719,50868,23.1,42.8
10,"Dixie County, Florida",0.2570026352176028,0.010405655827805877,0.832395587127129,8672.608244976,0.511597938,16952,47655,19.3,45.8
11,"Marion County, Florida",0.25499621107833853,0.08147289281221334,0.6598839536992973,63057.67370572096,0.1626467929999999,387697,58535,14.6,48.2
12,"Calhoun County, Florida",0.24912789427087448,0.0021277275446723184,0.8254616166320129,2337.8231785979997,0.171987286,13593,46901,21.2,41.8
13,"Highlands County, Florida",0.24445147768563077,0.007845245789241822,0.7965326854438717,6713.22339392,0.064669615,103808,55581,15.4,54.2
14,"Jefferson County, Florida",0.2439703253961405,0.006295337497911367,0.7985452971586752,5527.137266769,0.375663513,14713,56984,20.3,47.0
15,"Taylor County, Florida",0.24261888541617582,0.015150817903801317,0.7733777096117164,12303.901103335998,0.5743581879999999,21422,44985,17.3,43.8
16,"Lee County, Florida",0.2416662093167979,0.138504405884403,0.482377083992386,106701.731127524,0.134606797,792692,73099,11.7,49.3
17,"Collier County, Florida",0.23902888457244093,0.1693619843379467,0.40158498511959423,130315.867477362,0.336142002,387681,86173,10.5,53.1
18,"Jackson County, Florida",0.23854470839512043,0.007319093969922282,0.7780711420539161,6310.579329648,0.132430524,47652,47327,18.8,42.9
19,"Sumter County, Florida",0.23787916100832834,0.03663820965994523,0.7074413808212223,28747.388381376,0.209017191,137536,73297,9.1,68.4
20,"Levy County, Florida",0.23611695583217374,0.016698244533983747,0.7480939488612838,13488.088109179998,0.304636555,44276,53805,17.2,47.1
21,"Hardee County, Florida",0.2264132492960595,0.0008993882670619497,0.7526122583637205,1397.821641244,0.054799343,25508,54231,24.3,35.9
22,"Pinellas County, Florida",0.22417979876975083,0.10940813765085604,0.4919803413805054,84435.4587959849,0.0879018689999999,960565,70293,11.4,48.9
23,"Hernando County, Florida",0.2219480554253216,0.07968394066586594,0.5538976565307181,61688.656367863994,0.306128947,201512,63193,12.0,48.1
24,"Franklin County, Florida",0.22015264310864635,0.010823282316247925,0.7085878182909093,8992.201982904,0.7241264279999999,12418,62734,17.3,49.2
25,"Liberty County, Florida",0.2189692200346794,0.005750139040267837,0.7164804090216397,5109.9175313999995,0.6679630759999999,7650,53824,20.8,39.1
26,"Washington County, Florida",0.21654549138773732,0.0025538684870865217,0.7158592781559225,2663.932705746,0.105464694,25259,52723,18.9,41.6
27,"Palm Beach County, Florida",0.21366015895158513,0.15913659370207878,0.34088181120043337,122490.76321426284,0.0812567709999999,1507453,81115,11.1,45.4
28,"Okeechobee County, Florida",0.21265782135934874,0.000273309585261812,0.7082216821655516,918.7073329059959,0.0228255939999999,40249,52288,19.0,40.7
29,"Hendry County, Florida",0.2108628363377193,0.005033379664663064,0.6911315685748505,4561.408721772,0.111804714,40798,53044,21.6,35.7
30,"Charlotte County, Florida",0.20935382416788,0.02015620593041249,0.6508149333886375,16134.335028091,0.082704977,195083,66154,9.6,60.0
31,"Columbia County, Florida",0.20668862126288953,0.02332900944664309,0.6345277155007979,18562.36141896,0.262346992,70755,55070,17.0,40.7
32,"Escambia County, Florida",0.2017323453252301,0.09831288204315608,0.44304442631673613,75944.67980789997,0.2349228359999999,323275,65715,14.5,38.1
33,"Holmes County, Florida",0.19856267480731177,0.004408297180314404,0.6515895559369723,4083.0567656219996,0.208043247,19626,48236,14.4,42.4
34,"Pasco County, Florida",0.19704854542837277,0.09766596326121892,0.42894123715173177,75449.61736004995,0.1281504749999999,588758,67384,11.1,43.7
35,"Bradford County, Florida",0.1948142861656709,0.0015475625927073235,0.6457699745025859,1893.8449091519972,0.0679089539999999,27888,59740,19.1,40.5
36,"Volusia County, Florida",0.19272937844151014,0.05768340854021338,0.507836641544536,44852.48219540594,0.0789338139999999,568229,66581,12.2,46.6
37,"Leon County, Florida",0.19041697574575364,0.07719897784966719,0.45459230416995544,59787.00841922997,0.2024379379999999,295335,65074,18.5,31.9
38,"Lafayette County, Florida",0.19004248371562604,0.003679434840885036,0.6248895977566884,3525.286016065,0.438741259,8035,60692,17.8,41.8
39,"Polk County, Florida",0.18452486849876876,0.054344839466613275,0.4882782695737983,42297.601700294,0.055584454,760961,63644,14.7,39.6
40,"Suwannee County, Florida",0.18037233452765333,0.0057256445794532495,0.5878812777401202,5091.172848036,0.114449529,44484,55479,14.2,42.5
41,"Indian River County, Florida",0.1794542734460311,0.00817636608014448,0.5791027239664333,6966.61721448,0.042516705,163856,71049,11.4,55.0
42,"Union County, Florida",0.17724934442647775,0.0018679888143034009,0.5864725075215512,2139.054963409,0.137550959,15551,64922,18.7,40.1
43,"Alachua County, Florida",0.16836747943225056,0.011442424154861444,0.5345259417461585,9466.007787819,0.033597069,281751,59659,19.7,32.2
44,"Bay County, Florida",0.16776983750547048,0.07441463422828724,0.38559864515223136,57656.25567662398,0.3178965179999999,181368,70188,11.7,41.4
45,"Sarasota County, Florida",0.16613622853665663,0.042867981769917664,0.4537621376590476,33514.79708309196,0.0746413719999999,449011,80633,8.2,57.3
46,"Brevard County, Florida",0.16607063515259962,0.07610414901444512,0.3759924361416268,58949.177367983,0.094997651,620533,75817,9.9,46.8
47,"Monroe County, Florida",0.1632353638696572,0.07640244547751965,0.3658455067846449,59177.452356,0.72308715,81840,82430,10.4,48.9
48,"Flagler County, Florida",0.15464875375198198,0.016839284429789284,0.47620418217043164,13596.020600879987,0.1117083279999999,121710,72923,9.4,52.6
49,"Gulf County, Florida",0.15333018623667422,0.006085721270381258,0.49690060449135776,5366.725905084,0.363303947,14772,67361,11.6,47.3
50,"Lake County, Florida",0.15262859234747972,0.0410218984254963,0.4130442114987744,32102.059402655963,0.0805176359999999,398696,69956,9.5,46.7
51,"Manatee County, Florida",0.14872587110418184,0.02875568726906639,0.4286563000527846,22715.19247206,0.054601203,416020,75792,10.4,49.4
52,"Duval County, Florida",0.1434850906899841,0.03293454584637427,0.40143636199174043,25913.114706295,0.025728155,1007189,68447,14.6,36.7
53,"Martin County, Florida",0.1419085516029776,0.0007223453398434532,0.47134303288362395,1262.337392879984,0.0078667949999999,160464,80701,11.4,53.2
54,"Gilchrist County, Florida",0.1414163159501591,0.0011858753047451866,0.46862067745612496,1617.0593231799983,0.0874369699999999,18494,61070,11.2,42.7
55,"St. Lucie County, Florida",0.14010474028826997,0.006249484428346581,0.4524336706280913,5492.047648884965,0.0158621049999999,346237,69027,11.6,45.3
56,"Hillsborough County, Florida",0.13635007805343952,0.05407087975593197,0.3283348740809572,42087.95070735785,0.0282538869999999,1489634,75011,13.2,37.8
57,"Osceola County, Florida",0.12729774813003308,0.03154149157961639,0.35072901341433876,24847.06302477796,0.0610578459999999,406943,68711,12.5,37.0
58,"Baker County, Florida",0.12369729781119058,0.02023285553397197,0.3651143297913674,16192.992067311998,0.5745047919999999,28186,70833,13.1,38.1
59,"Walton County, Florida",0.11749068138917895,0.022469065538820974,0.33920778504001425,17904.278908594,0.224235139,79846,79281,11.4,43.8
60,"Orange County, Florida",0.11634759171280437,0.0439727692001629,0.28522217757563445,34360.249070022,0.023853482,1440471,77011,13.0,36.4
61,"Okaloosa County, Florida",0.09834383234774735,0.05987672508606538,0.18810041595833862,46530.944296704,0.217149184,214281,79097,9.3,37.3
62,"Nassau County, Florida",0.08859474883969887,0.02288047251177409,0.24192806027152336,18219.113086823992,0.1924832079999999,94653,88900,9.2,46.3
63,"Wakulla County, Florida",0.08078506791287794,0.023271520914222264,0.21498334424307455,18518.367621936,0.535089217,34608,74183,5.6,42.5
64,"Santa Rosa County, Florida",0.07664997468832344,0.05607198320579842,0.12466528814754849,43619.31940456198,0.2251679979999999,193719,88968,8.4,40.0
65,"Clay County, Florida",0.07334189395221369,0.03221267296988776,0.16931007624430755,25360.692728067977,0.1135031629999999,223436,86094,9.1,40.2
66,"Seminole County, Florida",0.06446593198430499,0.010163014362482256,0.19117273976855803,8486.923919328001,0.017870519,474912,83030,9.2,39.8
67,"St. Johns County, Florida",0.0035949021015291727,0.005135574430755962,0.0,4639.61450659697,0.0158758789999999,292243,106169,6.7,44.0
